id,predict
38226,2
38227,0
38228,2
38229,2
38230,2
38231,1
38232,1
38233,1
38234,1
38235,2
38236,2
38237,1
38238,0
38239,1
38240,0
38241,0
38242,2
38243,1
38244,1
38245,2
38246,1
38247,0
38248,0
38249,1
38250,0
38251,1
38252,2
38253,2
38254,0
38255,1
38256,0
38257,0
38258,2
38259,2
38260,0
38261,0
38262,1
38263,0
38264,2
38265,2
38266,1
38267,2
38268,0
38269,1
38270,1
38271,1
38272,0
38273,1
38274,0
38275,0
38276,0
38277,1
38278,2
38279,1
38280,2
38281,1
38282,2
38283,0
38284,0
38285,1
38286,0
38287,1
38288,1
38289,2
38290,2
38291,1
38292,0
38293,1
38294,1
38295,2
38296,2
38297,2
38298,0
38299,2
38300,2
38301,2
38302,0
38303,1
38304,1
38305,1
38306,2
38307,0
38308,2
38309,1
38310,1
38311,0
38312,2
38313,1
38314,0
38315,1
38316,2
38317,1
38318,2
38319,0
38320,2
38321,1
38322,0
38323,1
38324,1
38325,2
38326,1
38327,1
38328,1
38329,0
38330,1
38331,0
38332,1
38333,1
38334,1
38335,2
38336,2
38337,0
38338,0
38339,1
38340,0
38341,1
38342,2
38343,1
38344,2
38345,2
38346,0
38347,0
38348,1
38349,2
38350,1
38351,0
38352,2
38353,1
38354,0
38355,1
38356,2
38357,2
38358,2
38359,0
38360,2
38361,2
38362,2
38363,2
38364,1
38365,0
38366,1
38367,1
38368,2
38369,0
38370,0
38371,2
38372,1
38373,2
38374,2
38375,0
38376,1
38377,0
38378,0
38379,2
38380,2
38381,1
38382,2
38383,0
38384,2
38385,2
38386,0
38387,0
38388,1
38389,0
38390,2
38391,2
38392,1
38393,2
38394,1
38395,2
38396,2
38397,0
38398,2
38399,0
38400,1
38401,2
38402,2
38403,1
38404,1
38405,1
38406,2
38407,0
38408,0
38409,1
38410,0
38411,2
38412,1
38413,0
38414,1
38415,1
38416,0
38417,0
38418,0
38419,0
38420,2
38421,0
38422,1
38423,1
38424,2
38425,0
38426,2
38427,1
38428,0
38429,1
38430,1
38431,2
38432,0
38433,2
38434,0
38435,0
38436,1
38437,1
38438,0
38439,2
38440,0
38441,2
38442,1
38443,2
38444,0
38445,1
38446,2
38447,2
38448,0
38449,2
38450,1
38451,2
38452,2
38453,2
38454,1
38455,0
38456,1
38457,1
38458,0
38459,1
38460,2
38461,1
38462,2
38463,1
38464,0
38465,0
38466,1
38467,1
38468,0
38469,0
38470,0
38471,2
38472,0
38473,0
38474,1
38475,2
38476,2
38477,0
38478,1
38479,1
38480,2
38481,2
38482,0
38483,2
38484,1
38485,0
38486,1
38487,0
38488,2
38489,0
38490,1
38491,0
38492,1
38493,2
38494,0
38495,2
38496,0
38497,2
38498,0
38499,0
38500,1
38501,1
38502,2
38503,1
38504,2
38505,2
38506,2
38507,1
38508,1
38509,0
38510,1
38511,0
38512,1
38513,2
38514,0
38515,1
38516,2
38517,2
38518,0
38519,1
38520,1
38521,0
38522,1
38523,2
38524,2
38525,1
38526,2
38527,0
38528,1
38529,1
38530,1
38531,0
38532,1
38533,2
38534,1
38535,1
38536,0
38537,1
38538,2
38539,0
38540,2
38541,2
38542,1
38543,1
38544,1
38545,0
38546,0
38547,2
38548,0
38549,1
38550,1
38551,2
38552,1
38553,1
38554,1
38555,1
38556,0
38557,0
38558,1
38559,1
38560,1
38561,1
38562,1
38563,1
38564,0
38565,0
38566,0
38567,1
38568,2
38569,1
38570,2
38571,1
38572,0
38573,0
38574,2
38575,0
38576,1
38577,0
38578,1
38579,2
38580,0
38581,2
38582,1
38583,0
38584,2
38585,1
38586,2
38587,2
38588,1
38589,1
38590,0
38591,0
38592,1
38593,0
38594,1
38595,2
38596,2
38597,2
38598,0
38599,1
38600,2
38601,2
38602,1
38603,2
38604,0
38605,1
38606,0
38607,2
38608,2
38609,1
38610,1
38611,0
38612,2
38613,2
38614,1
38615,0
38616,1
38617,0
38618,2
38619,1
38620,1
38621,1
38622,0
38623,2
38624,0
38625,0
38626,0
38627,0
38628,2
38629,0
38630,2
38631,1
38632,2
38633,2
38634,1
38635,0
38636,1
38637,0
38638,1
38639,0
38640,1
38641,2
38642,2
38643,2
38644,0
38645,2
38646,2
38647,1
38648,2
38649,1
38650,1
38651,2
38652,2
38653,0
38654,0
38655,0
38656,0
38657,2
38658,2
38659,0
38660,2
38661,0
38662,1
38663,1
38664,0
38665,2
38666,1
38667,2
38668,2
38669,2
38670,0
38671,1
38672,2
38673,1
38674,0
38675,1
38676,2
38677,1
38678,0
38679,1
38680,1
38681,2
38682,0
38683,0
38684,1
38685,2
38686,1
38687,0
38688,1
38689,0
38690,1
38691,1
38692,2
38693,1
38694,0
38695,2
38696,2
38697,0
38698,0
38699,1
38700,0
38701,1
38702,1
38703,2
38704,0
38705,1
38706,2
38707,1
38708,1
38709,1
38710,1
38711,2
38712,2
38713,1
38714,1
38715,1
38716,0
38717,0
38718,0
38719,1
38720,0
38721,2
38722,0
38723,0
38724,0
38725,1
38726,1
38727,0
38728,1
38729,0
38730,0
38731,2
38732,0
38733,2
38734,1
38735,2
38736,2
38737,2
38738,1
38739,2
38740,1
38741,2
38742,2
38743,2
38744,0
38745,1
38746,1
38747,0
38748,1
38749,1
38750,1
38751,0
38752,0
38753,2
38754,1
38755,0
38756,2
38757,2
38758,2
38759,0
38760,0
38761,0
38762,1
38763,2
38764,1
38765,0
38766,2
38767,2
38768,1
38769,2
38770,1
38771,2
38772,1
38773,0
38774,1
38775,1
38776,2
38777,0
38778,2
38779,0
38780,2
38781,1
38782,2
38783,2
38784,2
38785,0
38786,0
38787,1
38788,0
38789,0
38790,0
38791,2
38792,0
38793,1
38794,1
38795,2
38796,0
38797,1
38798,0
38799,2
38800,1
38801,0
38802,2
38803,2
38804,2
38805,0
38806,2
38807,1
38808,2
38809,1
38810,2
38811,0
38812,1
38813,1
38814,0
38815,1
38816,1
38817,1
38818,2
38819,0
38820,2
38821,2
38822,1
38823,2
38824,2
38825,2
38826,2
38827,1
38828,2
38829,1
38830,0
38831,1
38832,2
38833,2
38834,1
38835,1
38836,0
38837,2
38838,0
38839,2
38840,1
38841,0
38842,2
38843,1
38844,0
38845,2
38846,1
38847,2
38848,1
38849,2
38850,0
38851,2
38852,1
38853,2
38854,2
38855,1
38856,1
38857,1
38858,0
38859,1
38860,2
38861,2
38862,1
38863,1
38864,1
38865,0
38866,0
38867,2
38868,0
38869,1
38870,2
38871,2
38872,1
38873,1
38874,0
38875,0
38876,1
38877,1
38878,1
38879,2
38880,1
38881,2
38882,1
38883,2
38884,1
38885,0
38886,2
38887,1
38888,1
38889,1
38890,1
38891,0
38892,0
38893,1
38894,0
38895,0
38896,1
38897,1
38898,0
38899,0
38900,1
38901,2
38902,1
38903,1
38904,1
38905,0
38906,2
38907,0
38908,2
38909,1
38910,1
38911,1
38912,2
38913,0
38914,2
38915,1
38916,1
38917,1
38918,0
38919,2
38920,1
38921,1
38922,2
38923,0
38924,2
38925,2
38926,1
38927,2
38928,1
38929,1
38930,0
38931,2
38932,1
38933,2
38934,0
38935,0
38936,2
38937,2
38938,0
38939,2
38940,1
38941,2
38942,1
38943,1
38944,0
38945,2
38946,2
38947,2
38948,0
38949,2
38950,1
38951,1
38952,2
38953,2
38954,1
38955,1
38956,1
38957,0
38958,0
38959,2
38960,0
38961,2
38962,0
38963,2
38964,2
38965,0
38966,0
38967,1
38968,1
38969,1
38970,1
38971,2
38972,2
38973,0
38974,2
38975,2
38976,1
38977,0
38978,1
38979,1
38980,0
38981,2
38982,0
38983,1
38984,1
38985,2
38986,0
38987,2
38988,0
38989,0
38990,1
38991,2
38992,1
38993,1
38994,0
38995,2
38996,1
38997,1
38998,2
38999,0
39000,1
39001,0
39002,1
39003,2
39004,1
39005,2
39006,0
39007,1
39008,1
39009,0
39010,2
39011,2
39012,1
39013,0
39014,1
39015,0
39016,1
39017,2
39018,0
39019,1
39020,1
39021,0
39022,1
39023,1
39024,1
39025,1
39026,1
39027,0
39028,1
39029,1
39030,0
39031,2
39032,2
39033,0
39034,0
39035,0
39036,2
39037,1
39038,2
39039,2
39040,0
39041,0
39042,2
39043,2
39044,0
39045,1
39046,1
39047,0
39048,1
39049,0
39050,1
39051,1
39052,1
39053,2
39054,1
39055,0
39056,1
39057,0
39058,1
39059,2
39060,1
39061,0
39062,0
39063,2
39064,2
39065,1
39066,2
39067,0
39068,1
39069,2
39070,0
39071,0
39072,2
39073,0
39074,1
39075,1
39076,2
39077,0
39078,1
39079,2
39080,2
39081,2
39082,0
39083,1
39084,1
39085,1
39086,1
39087,0
39088,0
39089,1
39090,0
39091,0
39092,1
39093,0
39094,0
39095,2
39096,2
39097,2
39098,2
39099,2
39100,0
39101,0
39102,0
39103,0
39104,2
39105,2
39106,2
39107,1
39108,2
39109,2
39110,2
39111,0
39112,2
39113,2
39114,0
39115,0
39116,2
39117,2
39118,2
39119,2
39120,0
39121,0
39122,0
39123,0
39124,2
39125,1
39126,2
39127,1
39128,1
39129,2
39130,1
39131,1
39132,2
39133,1
39134,0
39135,1
39136,0
39137,0
39138,1
39139,1
39140,1
39141,0
39142,0
39143,0
39144,0
39145,0
39146,1
39147,1
39148,2
39149,0
39150,2
39151,0
39152,2
39153,1
39154,0
39155,2
39156,1
39157,0
39158,2
39159,2
39160,2
39161,1
39162,2
39163,2
39164,1
39165,0
39166,2
39167,1
39168,0
39169,0
39170,1
39171,0
39172,0
39173,2
39174,0
39175,2
39176,0
39177,1
39178,1
39179,0
39180,0
39181,2
39182,2
39183,1
39184,2
39185,2
39186,0
39187,2
39188,1
39189,1
39190,2
39191,2
39192,1
39193,0
39194,2
39195,2
39196,2
39197,2
39198,1
39199,0
39200,0
39201,0
39202,0
39203,0
39204,2
39205,0
39206,2
39207,2
39208,2
39209,1
39210,0
39211,1
39212,2
39213,1
39214,2
39215,0
39216,0
39217,0
39218,0
39219,2
39220,1
39221,1
39222,0
39223,2
39224,2
39225,2
39226,1
39227,0
39228,1
39229,0
39230,1
39231,2
39232,2
39233,1
39234,0
39235,1
39236,2
39237,0
39238,0
39239,1
39240,0
39241,0
39242,0
39243,2
39244,0
39245,0
39246,1
39247,0
39248,2
39249,2
39250,1
39251,2
39252,1
39253,0
39254,1
39255,0
39256,0
39257,0
39258,2
39259,2
39260,2
39261,2
39262,2
39263,0
39264,0
39265,2
39266,0
39267,1
39268,2
39269,0
39270,1
39271,0
39272,0
39273,0
39274,0
39275,0
39276,1
39277,2
39278,0
39279,2
39280,1
39281,0
39282,0
39283,0
39284,2
39285,1
39286,1
39287,1
39288,2
39289,0
39290,2
39291,1
39292,1
39293,2
39294,2
39295,1
39296,2
39297,2
39298,2
39299,1
39300,2
39301,0
39302,0
39303,0
39304,1
39305,1
39306,1
39307,2
39308,1
39309,0
39310,0
39311,1
39312,0
39313,0
39314,1
39315,2
39316,0
39317,0
39318,1
39319,0
39320,0
39321,1
39322,2
39323,0
39324,2
39325,1
39326,1
39327,2
39328,0
39329,2
39330,2
39331,2
39332,0
39333,1
39334,0
39335,1
39336,0
39337,2
39338,1
39339,1
39340,1
39341,1
39342,1
39343,0
39344,1
39345,0
39346,2
39347,2
39348,1
39349,1
39350,2
39351,2
39352,1
39353,2
39354,0
39355,0
39356,1
39357,0
39358,2
39359,2
39360,1
39361,2
39362,0
39363,1
39364,0
39365,1
39366,2
39367,2
39368,0
39369,0
39370,2
39371,0
39372,2
39373,0
39374,0
39375,1
39376,1
39377,1
39378,2
39379,2
39380,2
39381,1
39382,2
39383,0
39384,1
39385,0
39386,0
39387,1
39388,2
39389,2
39390,2
39391,2
39392,0
39393,1
39394,0
39395,2
39396,1
39397,0
39398,0
39399,2
39400,2
39401,0
39402,1
39403,1
39404,0
39405,1
39406,0
39407,1
39408,2
39409,1
39410,0
39411,1
39412,1
39413,0
39414,0
39415,0
39416,2
39417,0
39418,2
39419,1
39420,2
39421,0
39422,0
39423,1
39424,1
39425,2
39426,0
39427,2
39428,2
39429,2
39430,0
39431,0
39432,2
39433,2
39434,0
39435,2
39436,0
39437,0
39438,0
39439,2
39440,1
39441,0
39442,0
39443,2
39444,2
39445,0
39446,0
39447,0
39448,0
39449,1
39450,0
39451,0
39452,1
39453,2
39454,1
39455,2
39456,1
39457,2
39458,2
39459,2
39460,2
39461,1
39462,2
39463,1
39464,1
39465,2
39466,0
39467,2
39468,1
39469,2
39470,1
39471,1
39472,2
39473,1
39474,0
39475,2
39476,2
39477,0
39478,2
39479,0
39480,1
39481,0
39482,2
39483,1
39484,2
39485,0
39486,0
39487,1
39488,2
39489,1
39490,1
39491,2
39492,0
39493,0
39494,0
39495,2
39496,1
39497,0
39498,0
39499,1
39500,1
39501,1
39502,1
39503,0
39504,1
39505,0
39506,2
39507,1
39508,0
39509,2
39510,0
39511,1
39512,0
39513,2
39514,2
39515,1
39516,1
39517,0
39518,1
39519,1
39520,2
39521,2
39522,1
39523,2
39524,2
39525,1
39526,2
39527,0
39528,0
39529,2
39530,0
39531,0
39532,2
39533,2
39534,0
39535,0
39536,2
39537,2
39538,2
39539,0
39540,0
39541,2
39542,2
39543,0
39544,0
39545,2
39546,1
39547,1
39548,2
39549,0
39550,2
39551,1
39552,1
39553,1
39554,1
39555,2
39556,2
39557,1
39558,2
39559,2
39560,1
39561,1
39562,2
39563,0
39564,0
39565,2
39566,0
39567,2
39568,0
39569,1
39570,2
39571,1
39572,0
39573,2
39574,1
39575,1
39576,2
39577,1
39578,1
39579,0
39580,0
39581,1
39582,2
39583,0
39584,1
39585,2
39586,0
39587,1
39588,0
39589,2
39590,2
39591,1
39592,1
39593,1
39594,1
39595,2
39596,2
39597,1
39598,2
39599,0
39600,2
39601,1
39602,2
39603,1
39604,2
39605,2
39606,0
39607,2
39608,2
39609,0
39610,2
39611,1
39612,2
39613,1
39614,1
39615,2
39616,1
39617,1
39618,1
39619,2
39620,0
39621,2
39622,0
39623,0
39624,1
39625,2
39626,1
39627,1
39628,1
39629,0
39630,0
39631,0
39632,1
39633,1
39634,1
39635,2
39636,0
39637,1
39638,1
39639,0
39640,2
39641,2
39642,2
39643,0
39644,1
39645,0
39646,0
39647,0
39648,1
39649,0
39650,2
39651,1
39652,1
39653,0
39654,2
39655,1
39656,1
39657,0
39658,1
39659,2
39660,2
39661,2
39662,2
39663,0
39664,1
39665,0
39666,2
39667,2
39668,1
39669,0
39670,2
39671,1
39672,1
39673,0
39674,0
39675,2
39676,0
39677,2
39678,1
39679,2
39680,0
39681,0
39682,0
39683,1
39684,2
39685,1
39686,1
39687,1
39688,1
39689,2
39690,2
39691,0
39692,1
39693,2
39694,1
39695,0
39696,0
39697,1
39698,1
39699,1
39700,0
39701,2
39702,2
39703,2
39704,1
39705,0
39706,2
39707,2
39708,2
39709,0
39710,0
39711,0
39712,2
39713,2
39714,2
39715,0
39716,1
39717,2
39718,1
39719,1
39720,0
39721,2
39722,2
39723,0
39724,2
39725,2
39726,0
39727,2
39728,2
39729,1
39730,2
39731,2
39732,0
39733,2
39734,0
39735,1
39736,1
39737,0
39738,1
39739,1
39740,2
39741,0
39742,1
39743,1
39744,2
39745,0
39746,1
39747,2
39748,1
39749,2
39750,0
39751,0
39752,0
39753,2
39754,2
39755,0
39756,1
39757,0
39758,0
39759,1
39760,1
39761,2
39762,2
39763,2
39764,2
39765,0
39766,1
39767,0
39768,2
39769,0
39770,0
39771,0
39772,0
39773,0
39774,0
39775,1
39776,0
39777,2
39778,1
39779,2
39780,0
39781,1
39782,0
39783,1
39784,1
39785,2
39786,0
39787,0
39788,1
39789,2
39790,1
39791,1
39792,0
39793,0
39794,1
39795,1
39796,2
39797,1
39798,2
39799,0
39800,0
39801,1
39802,0
39803,0
39804,2
39805,2
39806,1
39807,1
39808,1
39809,0
39810,1
39811,1
39812,0
39813,1
39814,0
39815,1
39816,2
39817,1
39818,0
39819,0
39820,2
39821,0
39822,1
39823,0
39824,0
39825,1
39826,0
39827,2
39828,1
39829,1
39830,1
39831,2
39832,1
39833,0
39834,0
39835,0
39836,1
39837,1
39838,2
39839,0
39840,2
39841,2
39842,2
39843,2
39844,1
39845,0
39846,0
39847,0
39848,0
39849,2
39850,1
39851,0
39852,0
39853,2
39854,2
39855,2
39856,2
39857,2
39858,1
39859,1
39860,2
39861,2
39862,2
39863,0
39864,2
39865,2
39866,2
39867,2
39868,1
39869,1
39870,1
39871,1
39872,2
39873,2
39874,1
39875,2
39876,0
39877,0
39878,2
39879,0
39880,2
39881,2
39882,1
39883,2
39884,2
39885,1
39886,2
39887,1
39888,2
39889,1
39890,1
39891,1
39892,0
39893,0
39894,0
39895,2
39896,2
39897,0
39898,2
39899,0
39900,0
39901,2
39902,0
39903,1
39904,1
39905,0
39906,2
39907,0
39908,1
39909,2
39910,2
39911,1
39912,1
39913,0
39914,2
39915,1
39916,2
39917,0
39918,0
39919,1
39920,0
39921,2
39922,2
39923,0
39924,1
39925,1
39926,1
39927,1
39928,2
39929,1
39930,0
39931,1
39932,1
39933,1
39934,0
39935,2
39936,1
39937,1
39938,2
39939,1
39940,0
39941,1
39942,1
39943,2
39944,2
39945,0
39946,1
39947,1
39948,1
39949,1
39950,2
39951,1
39952,1
39953,2
39954,0
39955,0
39956,2
39957,0
39958,2
39959,1
39960,1
39961,1
39962,1
39963,1
39964,1
39965,1
39966,2
39967,0
39968,1
39969,2
39970,1
39971,2
39972,2
39973,0
39974,1
39975,1
39976,1
39977,1
39978,1
39979,0
39980,2
39981,1
39982,1
39983,1
39984,1
39985,2
39986,2
39987,2
39988,1
39989,0
39990,1
39991,2
39992,1
39993,1
39994,2
39995,0
39996,2
39997,0
39998,2
39999,0
40000,1
40001,2
40002,2
40003,1
40004,1
40005,2
40006,0
40007,2
40008,2
40009,0
40010,2
40011,1
40012,2
40013,0
40014,1
40015,0
40016,1
40017,1
40018,2
40019,0
40020,0
40021,1
40022,1
40023,2
40024,0
40025,0
40026,0
40027,2
40028,0
40029,0
40030,2
40031,2
40032,1
40033,1
40034,1
40035,0
40036,2
40037,2
40038,1
40039,1
40040,2
40041,1
40042,1
40043,2
40044,0
40045,0
40046,1
40047,0
40048,2
40049,2
40050,2
40051,2
40052,1
40053,2
40054,2
40055,2
40056,0
40057,0
40058,0
40059,0
40060,2
40061,0
40062,1
40063,2
40064,1
40065,0
40066,2
40067,0
40068,0
40069,2
40070,0
40071,0
40072,1
40073,0
40074,1
40075,2
40076,2
40077,2
40078,2
40079,2
40080,2
40081,2
40082,2
40083,0
40084,2
40085,0
40086,2
40087,2
40088,2
40089,0
40090,2
40091,0
40092,2
40093,1
40094,2
40095,2
40096,1
40097,1
40098,2
40099,1
40100,2
40101,2
40102,2
40103,2
40104,0
40105,0
40106,1
40107,1
40108,0
40109,0
40110,1
40111,2
40112,2
40113,2
40114,0
40115,0
40116,2
40117,2
40118,0
40119,0
40120,2
40121,0
40122,1
40123,1
40124,0
40125,1
40126,2
40127,2
40128,2
40129,0
40130,0
40131,2
40132,0
40133,1
40134,0
40135,2
40136,2
40137,1
40138,1
40139,0
40140,2
40141,1
40142,2
40143,0
40144,0
40145,0
40146,1
40147,2
40148,0
40149,2
40150,0
40151,0
40152,0
40153,0
40154,2
40155,0
40156,0
40157,0
40158,0
40159,0
40160,1
40161,1
40162,0
40163,1
40164,1
40165,2
40166,1
40167,1
40168,1
40169,2
40170,2
40171,2
40172,2
40173,1
40174,2
40175,2
40176,0
40177,0
40178,2
40179,0
40180,0
40181,1
40182,1
40183,2
40184,0
40185,0
40186,1
40187,0
40188,2
40189,1
40190,0
40191,0
40192,2
40193,2
40194,2
40195,2
40196,2
40197,2
40198,0
40199,2
40200,1
40201,0
40202,0
40203,1
40204,2
40205,2
40206,1
40207,1
40208,1
40209,1
40210,1
40211,0
40212,0
40213,0
40214,1
40215,2
40216,1
40217,0
40218,2
40219,1
40220,1
40221,2
40222,2
40223,0
40224,2
40225,1
40226,2
40227,1
40228,2
40229,0
40230,1
40231,0
40232,2
40233,2
40234,1
40235,1
40236,0
40237,2
40238,0
40239,2
40240,1
40241,2
40242,0
40243,0
40244,1
40245,2
40246,1
40247,0
40248,2
40249,0
40250,2
40251,0
40252,1
40253,2
40254,2
40255,0
40256,1
40257,1
40258,0
40259,0
40260,2
40261,0
40262,0
40263,0
40264,0
40265,1
40266,2
40267,2
40268,1
40269,1
40270,1
40271,2
40272,1
40273,0
40274,1
40275,0
40276,2
40277,0
40278,1
40279,2
40280,0
40281,2
40282,0
40283,0
40284,0
40285,2
40286,1
40287,1
40288,2
40289,1
40290,0
40291,0
40292,0
40293,2
40294,1
40295,0
40296,1
40297,2
40298,0
40299,1
40300,1
40301,0
40302,0
40303,2
40304,0
40305,0
40306,0
40307,1
40308,2
40309,2
40310,1
40311,2
40312,0
40313,0
40314,1
40315,2
40316,1
40317,1
40318,1
40319,2
40320,0
40321,0
40322,2
40323,0
40324,2
40325,1
40326,2
40327,0
40328,2
40329,1
40330,0
40331,0
40332,2
40333,0
40334,0
40335,0
40336,1
40337,0
40338,2
40339,0
40340,1
40341,1
40342,1
40343,2
40344,1
40345,0
40346,2
40347,2
40348,1
40349,2
40350,1
40351,1
40352,0
40353,1
40354,0
40355,2
40356,0
40357,0
40358,0
40359,1
40360,2
40361,0
40362,2
40363,1
40364,1
40365,2
40366,0
40367,1
40368,2
40369,1
40370,2
40371,1
40372,2
40373,2
40374,0
40375,0
40376,1
40377,2
40378,2
40379,0
40380,2
40381,2
40382,1
40383,0
40384,2
40385,1
40386,0
40387,0
40388,0
40389,1
40390,0
40391,0
40392,2
40393,0
40394,2
40395,2
40396,0
40397,2
40398,2
40399,2
40400,1
40401,0
40402,0
40403,1
40404,0
40405,0
40406,1
40407,1
40408,2
40409,1
40410,1
40411,2
40412,1
40413,1
40414,1
40415,0
40416,2
40417,0
40418,0
40419,2
40420,2
40421,2
40422,2
40423,2
40424,1
40425,1
40426,1
40427,0
40428,2
40429,2
40430,1
40431,1
40432,2
40433,0
40434,1
40435,1
40436,1
40437,2
40438,0
40439,0
40440,0
40441,2
40442,1
40443,0
40444,0
40445,1
40446,0
40447,2
40448,0
40449,2
40450,1
40451,2
40452,1
40453,0
40454,2
40455,0
40456,0
40457,0
40458,1
40459,0
40460,1
40461,1
40462,2
40463,2
40464,2
40465,0
40466,1
40467,0
40468,1
40469,2
40470,2
40471,1
40472,0
40473,1
40474,2
40475,2
40476,0
40477,1
40478,2
40479,1
40480,0
40481,2
40482,0
40483,2
40484,0
40485,1
40486,1
40487,1
40488,2
40489,1
40490,1
40491,2
40492,1
40493,0
40494,2
40495,0
40496,1
40497,2
40498,2
40499,2
40500,2
40501,0
40502,0
40503,1
40504,2
40505,2
40506,0
40507,1
40508,2
40509,0
40510,2
40511,1
40512,1
40513,1
40514,0
40515,0
40516,0
40517,2
40518,0
40519,0
40520,0
40521,1
40522,0
40523,0
40524,0
40525,0
40526,1
40527,1
40528,1
40529,0
40530,1
40531,1
40532,0
40533,2
40534,1
40535,0
40536,2
40537,2
40538,1
40539,2
40540,1
40541,0
40542,1
40543,0
40544,2
40545,0
40546,1
40547,0
40548,1
40549,1
40550,0
40551,2
40552,0
40553,1
40554,1
40555,0
40556,1
40557,2
40558,2
40559,2
40560,2
40561,2
40562,0
40563,2
40564,1
40565,0
40566,2
40567,1
40568,1
40569,2
40570,0
40571,0
40572,1
40573,2
40574,2
40575,1
40576,0
40577,2
40578,1
40579,0
40580,1
40581,2
40582,2
40583,1
40584,2
40585,2
40586,1
40587,1
40588,1
40589,0
40590,2
40591,0
40592,2
40593,2
40594,1
40595,1
40596,1
40597,1
40598,1
40599,2
40600,1
40601,1
40602,1
40603,2
40604,2
40605,1
40606,2
40607,2
40608,0
40609,0
40610,1
40611,0
40612,0
40613,1
40614,1
40615,0
40616,0
40617,2
40618,1
40619,2
40620,2
40621,1
40622,2
40623,1
40624,0
40625,1
40626,1
40627,0
40628,2
40629,1
40630,2
40631,2
40632,2
40633,0
40634,2
40635,1
40636,2
40637,1
40638,0
40639,1
40640,1
40641,1
40642,0
40643,0
40644,2
40645,0
40646,2
40647,1
40648,2
40649,2
40650,2
40651,0
40652,0
40653,0
40654,1
40655,2
40656,0
40657,1
40658,2
40659,2
40660,0
40661,1
40662,2
40663,1
40664,1
40665,0
40666,1
40667,2
40668,1
40669,0
40670,0
40671,2
40672,2
40673,0
40674,2
40675,2
40676,1
40677,2
40678,2
40679,1
40680,1
40681,0
40682,2
40683,1
40684,0
40685,2
40686,2
40687,1
40688,2
40689,0
40690,0
40691,1
40692,2
40693,2
40694,2
40695,2
40696,2
40697,2
40698,0
40699,2
40700,1
40701,0
40702,2
40703,2
40704,2
40705,2
40706,1
40707,2
40708,0
40709,0
40710,1
40711,1
40712,0
40713,2
40714,0
40715,1
40716,1
40717,2
40718,1
40719,2
40720,0
40721,2
40722,1
40723,0
40724,2
40725,1
40726,1
40727,0
40728,2
40729,0
40730,0
40731,2
40732,1
40733,1
40734,1
40735,2
40736,0
40737,1
40738,0
40739,2
40740,2
40741,0
40742,1
40743,2
40744,0
40745,1
40746,1
40747,2
40748,2
40749,1
40750,1
40751,0
40752,2
40753,0
40754,1
40755,0
40756,2
40757,1
40758,2
40759,1
40760,2
40761,2
40762,2
40763,1
40764,0
40765,2
40766,2
40767,2
40768,1
40769,2
40770,1
40771,0
40772,1
40773,0
40774,0
40775,0
40776,2
40777,2
40778,0
40779,0
40780,1
40781,2
40782,1
40783,2
40784,2
40785,1
40786,2
40787,2
40788,0
40789,0
40790,2
40791,2
40792,2
40793,2
40794,2
40795,1
40796,0
40797,2
40798,0
40799,1
40800,1
40801,1
40802,2
40803,0
40804,2
40805,1
40806,2
40807,1
40808,0
40809,0
40810,2
40811,2
40812,2
40813,2
40814,2
40815,1
40816,1
40817,2
40818,2
40819,1
40820,2
40821,1
40822,1
40823,2
40824,2
40825,1
40826,1
40827,0
40828,0
40829,1
40830,1
40831,0
40832,1
40833,0
40834,1
40835,0
40836,2
40837,0
40838,2
40839,1
40840,0
40841,2
40842,0
40843,2
40844,2
40845,2
40846,0
40847,0
40848,2
40849,1
40850,1
40851,0
40852,2
40853,2
40854,2
40855,2
40856,1
40857,0
40858,1
40859,2
40860,0
40861,1
40862,0
40863,1
40864,2
40865,2
40866,0
40867,0
40868,1
40869,0
40870,1
40871,2
40872,2
40873,1
40874,2
40875,1
40876,1
40877,0
40878,2
40879,0
40880,2
40881,2
40882,1
40883,1
40884,1
40885,2
40886,0
40887,0
40888,2
40889,0
40890,1
40891,2
40892,1
40893,2
40894,1
40895,2
40896,0
40897,2
40898,0
40899,0
40900,0
40901,0
40902,0
40903,2
40904,1
40905,1
40906,0
40907,1
40908,1
40909,0
40910,1
40911,2
40912,2
40913,2
40914,2
40915,0
40916,1
40917,2
40918,2
40919,0
40920,1
40921,1
40922,1
40923,1
40924,2
40925,2
40926,1
40927,1
40928,0
40929,0
40930,0
40931,1
40932,1
40933,2
40934,1
40935,2
40936,1
40937,0
40938,1
40939,2
40940,1
40941,0
40942,1
40943,1
40944,1
40945,1
40946,2
40947,0
40948,2
40949,0
40950,2
40951,2
40952,0
40953,0
40954,1
40955,2
40956,1
40957,2
40958,0
40959,2
40960,2
40961,2
40962,2
40963,2
40964,1
40965,2
40966,0
40967,1
40968,0
40969,1
40970,0
40971,0
40972,1
40973,0
40974,0
40975,1
40976,1
40977,0
40978,2
40979,1
40980,0
40981,2
40982,0
40983,0
40984,0
40985,1
40986,2
40987,0
40988,0
40989,2
40990,0
40991,2
40992,0
40993,0
40994,0
40995,2
40996,1
40997,0
40998,1
40999,0
41000,0
41001,0
41002,1
41003,2
41004,0
41005,0
41006,0
41007,0
41008,2
41009,0
41010,2
41011,1
41012,2
41013,2
41014,2
41015,0
41016,0
41017,1
41018,0
41019,0
41020,0
41021,1
41022,0
41023,0
41024,2
41025,0
41026,1
41027,0
41028,0
41029,0
41030,1
41031,2
41032,2
41033,1
41034,1
41035,1
41036,1
41037,0
41038,2
41039,1
41040,1
41041,2
41042,1
41043,0
41044,0
41045,0
41046,1
41047,2
41048,1
41049,0
41050,1
41051,2
41052,1
41053,2
41054,1
41055,2
41056,1
41057,0
41058,0
41059,1
41060,2
41061,0
41062,0
41063,1
41064,0
41065,2
41066,1
41067,1
41068,2
41069,2
41070,2
41071,2
41072,2
41073,1
41074,2
41075,2
41076,0
41077,2
41078,1
41079,2
41080,1
41081,0
41082,2
41083,2
41084,1
41085,2
41086,2
41087,1
41088,0
41089,1
41090,1
41091,0
41092,2
41093,2
41094,1
41095,1
41096,0
41097,1
41098,2
41099,1
41100,1
41101,1
41102,0
41103,2
41104,0
41105,2
41106,1
41107,1
41108,0
41109,1
41110,1
41111,0
41112,1
41113,2
41114,1
41115,2
41116,0
41117,1
41118,2
41119,2
41120,0
41121,0
41122,1
41123,2
41124,1
41125,0
41126,1
41127,1
41128,2
41129,0
41130,0
41131,2
41132,1
41133,1
41134,0
41135,2
41136,2
41137,1
41138,0
41139,0
41140,2
41141,1
41142,2
41143,1
41144,1
41145,0
41146,1
41147,2
41148,1
41149,0
41150,0
41151,0
41152,2
41153,0
41154,2
41155,0
41156,0
41157,0
41158,2
41159,2
41160,2
41161,0
41162,0
41163,0
41164,0
41165,0
41166,0
41167,2
41168,1
41169,2
41170,2
41171,0
41172,0
41173,1
41174,2
41175,0
41176,0
41177,2
41178,2
41179,2
41180,1
41181,0
41182,0
41183,0
41184,1
41185,1
41186,2
41187,1
41188,1
41189,1
41190,2
41191,1
41192,1
41193,2
41194,2
41195,1
41196,1
41197,1
41198,1
41199,1
41200,1
41201,2
41202,1
41203,2
41204,1
41205,0
41206,2
41207,1
41208,1
41209,1
41210,0
41211,1
41212,2
41213,2
41214,1
41215,1
41216,0
41217,0
41218,1
41219,2
41220,2
41221,1
41222,1
41223,2
41224,2
41225,2
41226,0
41227,2
41228,0
41229,1
41230,0
41231,1
41232,0
41233,2
41234,0
41235,1
41236,1
41237,1
41238,2
41239,1
41240,1
41241,1
41242,2
41243,0
41244,1
41245,0
41246,0
41247,0
41248,1
41249,2
41250,2
41251,1
41252,1
41253,0
41254,2
41255,2
41256,1
41257,0
41258,0
41259,0
41260,2
41261,0
41262,2
41263,2
41264,0
41265,0
41266,0
41267,0
41268,0
41269,1
41270,2
41271,1
41272,1
41273,1
41274,1
41275,2
41276,2
41277,2
41278,1
41279,2
41280,0
41281,0
41282,0
41283,0
41284,0
41285,2
41286,0
41287,2
41288,2
41289,2
41290,1
41291,0
41292,1
41293,0
41294,2
41295,0
41296,2
41297,2
41298,2
41299,1
41300,1
41301,0
41302,0
41303,0
41304,1
41305,0
41306,0
41307,2
41308,0
41309,1
41310,1
41311,1
41312,2
41313,1
41314,2
41315,0
41316,1
41317,0
41318,0
41319,1
41320,2
41321,1
41322,1
41323,2
41324,1
41325,1
41326,0
41327,1
41328,2
41329,1
41330,0
41331,0
41332,1
41333,0
41334,1
41335,0
41336,1
41337,0
41338,2
41339,2
41340,0
41341,2
41342,2
41343,2
41344,1
41345,0
41346,1
41347,2
41348,1
41349,2
41350,2
41351,2
41352,1
41353,2
41354,2
41355,0
41356,0
41357,1
41358,1
41359,2
41360,2
41361,0
41362,2
41363,1
41364,0
41365,2
41366,2
41367,1
41368,0
41369,1
41370,0
41371,0
41372,0
41373,1
41374,1
41375,2
41376,0
41377,2
41378,1
41379,0
41380,2
41381,1
41382,0
41383,2
41384,1
41385,2
41386,2
41387,0
41388,0
41389,1
41390,0
41391,0
41392,2
41393,1
41394,0
41395,0
41396,1
41397,2
41398,1
41399,2
41400,0
41401,1
41402,0
41403,2
41404,0
41405,0
41406,2
41407,0
41408,0
41409,1
41410,1
41411,1
41412,2
41413,0
41414,1
41415,2
41416,2
41417,0
41418,1
41419,1
41420,0
41421,0
41422,2
41423,0
41424,0
41425,1
41426,2
41427,1
41428,2
41429,2
41430,2
41431,1
41432,1
41433,0
41434,1
41435,1
41436,1
41437,2
41438,1
41439,2
41440,1
41441,0
41442,0
41443,0
41444,0
41445,2
41446,1
41447,0
41448,0
41449,0
41450,2
41451,0
41452,2
41453,0
41454,2
41455,2
41456,2
41457,0
41458,0
41459,0
41460,0
41461,2
41462,2
41463,0
41464,2
41465,2
41466,0
41467,1
41468,1
41469,1
41470,0
41471,0
41472,0
41473,1
41474,2
41475,1
41476,2
41477,2
41478,0
41479,2
41480,1
41481,2
41482,2
41483,0
41484,0
41485,1
41486,2
41487,2
41488,2
41489,0
41490,2
41491,2
41492,0
41493,0
41494,2
41495,2
41496,0
41497,2
41498,2
41499,1
41500,0
41501,0
41502,1
41503,1
41504,2
41505,2
41506,2
41507,0
41508,1
41509,0
41510,1
41511,2
41512,1
41513,0
41514,1
41515,1
41516,1
41517,1
41518,0
41519,2
41520,1
41521,2
41522,0
41523,0
41524,1
41525,2
41526,2
41527,0
41528,2
41529,0
41530,2
41531,2
41532,2
41533,1
41534,0
41535,0
41536,2
41537,1
41538,1
41539,0
41540,0
41541,2
41542,0
41543,0
41544,0
41545,0
41546,2
41547,2
41548,1
41549,2
41550,1
41551,0
41552,1
41553,1
41554,1
41555,0
41556,0
41557,2
41558,2
41559,2
41560,1
41561,2
41562,0
41563,2
41564,1
41565,0
41566,2
41567,1
41568,1
41569,1
41570,0
41571,2
41572,1
41573,1
41574,0
41575,1
41576,2
41577,2
41578,1
41579,0
41580,0
41581,1
41582,0
41583,0
41584,2
41585,0
41586,0
41587,2
41588,1
41589,0
41590,0
41591,2
41592,0
41593,1
41594,2
41595,1
41596,2
41597,1
41598,0
41599,1
41600,0
41601,0
41602,2
41603,2
41604,1
41605,2
41606,2
41607,0
41608,0
41609,1
41610,0
41611,0
41612,0
41613,1
41614,2
41615,2
41616,2
41617,1
41618,2
41619,0
41620,0
41621,0
41622,0
41623,0
41624,0
41625,2
41626,1
41627,1
41628,0
41629,1
41630,0
41631,2
41632,1
41633,0
41634,1
41635,0
41636,2
41637,1
41638,1
41639,2
41640,1
41641,0
41642,2
41643,0
41644,0
41645,1
41646,1
41647,2
41648,1
41649,1
41650,0
41651,2
41652,1
41653,0
41654,2
41655,1
41656,1
41657,0
41658,1
41659,0
41660,2
41661,1
41662,0
41663,2
41664,0
41665,0
41666,2
41667,1
41668,1
41669,2
41670,2
41671,1
41672,0
41673,2
41674,0
41675,2
41676,2
41677,2
41678,0
41679,0
41680,1
41681,1
41682,1
41683,2
41684,1
41685,1
41686,0
41687,2
41688,2
41689,2
41690,0
41691,2
41692,2
41693,0
41694,1
41695,1
41696,1
41697,2
41698,0
41699,2
41700,1
41701,2
41702,0
41703,0
41704,0
41705,0
41706,0
41707,1
41708,1
41709,0
41710,0
41711,2
41712,1
41713,2
41714,1
41715,2
41716,2
41717,1
41718,0
41719,0
41720,0
41721,1
41722,1
41723,2
41724,0
41725,0
41726,2
41727,1
41728,1
41729,2
41730,0
41731,0
41732,2
41733,2
41734,2
41735,2
41736,2
41737,1
41738,2
41739,0
41740,2
41741,0
41742,2
41743,2
41744,1
41745,1
41746,2
41747,1
41748,1
41749,0
41750,2
41751,1
41752,0
41753,2
41754,2
41755,0
41756,1
41757,1
41758,2
41759,1
41760,2
41761,2
41762,0
41763,2
41764,2
41765,0
41766,1
41767,1
41768,2
41769,0
41770,2
41771,1
41772,0
41773,1
41774,1
41775,1
41776,0
41777,0
41778,0
41779,2
41780,1
41781,0
41782,1
41783,2
41784,0
41785,0
41786,1
41787,0
41788,2
41789,2
41790,1
41791,1
41792,1
41793,0
41794,1
41795,1
41796,0
41797,1
41798,2
41799,1
41800,1
41801,0
41802,1
41803,1
41804,0
41805,0
41806,0
41807,1
41808,1
41809,0
41810,0
41811,2
41812,2
41813,0
41814,2
41815,1
41816,2
41817,0
41818,2
41819,2
41820,2
41821,2
41822,2
41823,2
41824,2
41825,2
41826,1
41827,0
41828,2
41829,2
41830,2
41831,2
41832,2
41833,0
41834,0
41835,2
41836,1
41837,0
41838,1
41839,1
41840,0
41841,0
41842,2
41843,0
41844,2
41845,1
41846,2
41847,1
41848,1
41849,1
41850,0
41851,0
41852,2
41853,2
41854,0
41855,2
41856,2
41857,2
41858,1
41859,2
41860,2
41861,0
41862,2
41863,2
41864,0
41865,0
41866,0
41867,1
41868,2
41869,2
41870,0
41871,2
41872,1
41873,1
41874,0
41875,2
41876,2
41877,2
41878,0
41879,2
41880,1
41881,0
41882,1
41883,0
41884,0
41885,2
41886,1
41887,1
41888,0
41889,0
41890,1
41891,0
41892,0
41893,0
41894,2
41895,2
41896,1
41897,0
41898,0
41899,0
41900,2
41901,2
41902,0
41903,0
41904,1
41905,1
41906,1
41907,2
41908,0
41909,1
41910,1
41911,0
41912,1
41913,0
41914,2
41915,0
41916,1
41917,0
41918,2
41919,2
41920,2
41921,0
41922,1
41923,2
41924,1
41925,1
41926,2
41927,2
41928,0
41929,0
41930,2
41931,2
41932,1
41933,2
41934,2
41935,0
41936,1
41937,1
41938,2
41939,2
41940,0
41941,2
41942,2
41943,0
41944,2
41945,2
41946,0
41947,0
41948,1
41949,2
41950,0
41951,1
41952,2
41953,2
41954,2
41955,2
41956,0
41957,1
41958,0
41959,0
41960,1
41961,0
41962,1
41963,2
41964,0
41965,1
41966,1
41967,1
41968,0
41969,2
41970,1
41971,1
41972,1
41973,1
41974,1
41975,1
41976,2
41977,2
41978,2
41979,2
41980,1
41981,2
41982,0
41983,0
41984,2
41985,2
41986,1
41987,0
41988,2
41989,1
41990,1
41991,1
41992,1
41993,1
41994,0
41995,1
41996,1
41997,0
41998,1
41999,1
42000,1
42001,0
42002,0
42003,2
42004,1
42005,2
42006,1
42007,2
42008,1
42009,2
42010,0
42011,0
42012,0
42013,1
42014,0
42015,1
42016,1
42017,0
42018,2
42019,2
42020,0
42021,0
42022,0
42023,0
42024,0
42025,2
42026,2
42027,0
42028,1
42029,0
42030,2
42031,1
42032,2
42033,2
42034,2
42035,1
42036,1
42037,1
42038,1
42039,1
42040,1
42041,2
42042,1
42043,0
42044,1
42045,1
42046,1
42047,0
42048,2
42049,2
42050,0
42051,1
42052,0
42053,0
42054,2
42055,0
42056,0
42057,2
42058,0
42059,2
42060,0
42061,2
42062,0
42063,0
42064,0
42065,1
42066,1
42067,0
42068,1
42069,2
42070,0
42071,1
42072,1
42073,0
42074,1
42075,1
42076,0
42077,1
42078,1
42079,1
42080,1
42081,2
42082,1
42083,2
42084,0
42085,2
42086,1
42087,2
42088,1
42089,2
42090,2
42091,0
42092,1
42093,0
42094,1
42095,0
42096,1
42097,0
42098,0
42099,0
42100,1
42101,2
42102,2
42103,1
42104,1
42105,1
42106,1
42107,2
42108,1
42109,0
42110,0
42111,1
42112,0
42113,1
42114,2
42115,2
42116,1
42117,1
42118,0
42119,2
42120,2
42121,0
42122,1
42123,2
42124,2
42125,2
42126,1
42127,0
42128,0
42129,2
42130,2
42131,2
42132,2
42133,2
42134,1
42135,0
42136,2
42137,2
42138,0
42139,2
42140,1
42141,0
42142,2
42143,0
42144,1
42145,2
42146,2
42147,1
42148,2
42149,1
42150,2
42151,1
42152,2
42153,0
42154,2
42155,2
42156,1
42157,2
42158,1
42159,0
42160,2
42161,1
42162,1
42163,1
42164,2
42165,2
42166,0
42167,0
42168,1
42169,2
42170,2
42171,0
42172,1
42173,0
42174,0
42175,2
42176,1
42177,2
42178,1
42179,0
42180,1
42181,0
42182,1
42183,2
42184,1
42185,2
42186,1
42187,2
42188,2
42189,0
42190,1
42191,1
42192,0
42193,0
42194,2
42195,0
42196,0
42197,0
42198,0
42199,0
42200,2
42201,2
42202,2
42203,0
42204,2
42205,2
42206,2
42207,2
42208,1
42209,1
42210,0
42211,2
42212,1
42213,0
42214,0
42215,2
42216,0
42217,0
42218,0
42219,0
42220,2
42221,0
42222,0
42223,1
42224,0
42225,2
42226,1
42227,0
42228,0
42229,1
42230,2
42231,1
42232,0
42233,0
42234,0
42235,2
42236,1
42237,0
42238,0
42239,1
42240,2
42241,0
42242,0
42243,0
42244,1
42245,1
42246,2
42247,0
42248,0
42249,2
42250,1
42251,0
42252,2
42253,2
42254,2
42255,0
42256,1
42257,2
42258,2
42259,1
42260,2
42261,1
42262,2
42263,0
42264,1
42265,0
42266,2
42267,1
42268,0
42269,1
42270,1
42271,0
42272,0
42273,1
42274,0
42275,1
42276,1
42277,1
42278,0
42279,1
42280,1
42281,1
42282,2
42283,2
42284,1
42285,0
42286,2
42287,0
42288,2
42289,0
42290,0
42291,0
42292,2
42293,0
42294,1
42295,0
42296,2
42297,0
42298,1
42299,1
42300,0
42301,0
42302,0
42303,0
42304,0
42305,2
42306,1
42307,2
42308,2
42309,0
42310,1
42311,2
42312,0
42313,0
42314,2
42315,2
42316,0
42317,1
42318,0
42319,0
42320,0
42321,2
42322,1
42323,1
42324,0
42325,0
42326,1
42327,1
42328,2
42329,1
42330,1
42331,1
42332,2
42333,2
42334,0
42335,0
42336,0
42337,2
42338,0
42339,0
42340,2
42341,1
42342,2
42343,2
42344,0
42345,2
42346,2
42347,0
42348,0
42349,0
42350,2
42351,0
42352,2
42353,0
42354,2
42355,0
42356,1
42357,0
42358,1
42359,1
42360,1
42361,2
42362,1
42363,1
42364,1
42365,0
42366,1
42367,0
42368,0
42369,0
42370,2
42371,0
42372,1
42373,0
42374,1
42375,2
42376,0
42377,1
42378,1
42379,2
42380,1
42381,1
42382,0
42383,1
42384,0
42385,1
42386,2
42387,0
42388,0
42389,2
42390,2
42391,0
42392,1
42393,0
42394,2
42395,0
42396,2
42397,2
42398,0
42399,1
42400,1
42401,2
42402,2
42403,1
42404,2
42405,0
42406,0
42407,0
42408,2
42409,0
42410,2
42411,2
42412,2
42413,1
42414,0
42415,0
42416,1
42417,1
42418,1
42419,0
42420,2
42421,1
42422,0
42423,0
42424,2
42425,0
42426,0
42427,0
42428,1
42429,2
42430,2
42431,0
42432,1
42433,2
42434,2
42435,2
42436,1
42437,1
42438,1
42439,1
42440,2
42441,2
42442,2
42443,0
42444,0
42445,1
42446,1
42447,0
42448,2
42449,1
42450,1
42451,2
42452,0
42453,2
42454,2
42455,0
42456,2
42457,0
42458,0
42459,0
42460,1
42461,1
42462,1
42463,2
42464,1
42465,0
42466,2
42467,1
42468,0
42469,2
42470,0
42471,1
42472,1
42473,2
42474,0
42475,1
42476,2
42477,1
42478,1
42479,0
42480,1
42481,1
42482,1
42483,1
42484,1
42485,2
42486,0
42487,1
42488,2
42489,1
42490,2
42491,0
42492,1
42493,2
42494,0
42495,1
42496,0
42497,1
42498,1
42499,2
42500,0
42501,2
42502,1
42503,2
42504,0
42505,1
42506,0
42507,0
42508,1
42509,2
42510,1
42511,2
42512,1
42513,1
42514,1
42515,0
42516,2
42517,2
42518,1
42519,1
42520,0
42521,2
42522,2
42523,1
42524,2
42525,2
42526,2
42527,1
42528,1
42529,0
42530,2
42531,2
42532,2
42533,2
42534,2
42535,0
42536,0
42537,0
42538,0
42539,1
42540,0
42541,2
42542,0
42543,2
42544,0
42545,2
42546,1
42547,0
42548,0
42549,2
42550,2
42551,2
42552,2
42553,2
42554,0
42555,1
42556,2
42557,1
42558,1
42559,0
42560,2
42561,1
42562,0
42563,0
42564,2
42565,0
42566,2
42567,2
42568,2
42569,2
42570,1
42571,2
42572,1
42573,1
42574,0
42575,0
42576,2
42577,1
42578,0
42579,1
42580,2
42581,1
42582,2
42583,1
42584,0
42585,2
42586,2
42587,2
42588,1
42589,0
42590,1
42591,1
42592,2
42593,2
42594,2
42595,0
42596,2
42597,2
42598,1
42599,1
42600,0
42601,2
42602,2
42603,2
42604,2
42605,1
42606,1
42607,2
42608,2
42609,2
42610,0
42611,2
42612,2
42613,0
42614,2
42615,0
42616,0
42617,0
42618,2
42619,1
42620,2
42621,0
42622,1
42623,0
42624,2
42625,2
42626,0
42627,0
42628,2
42629,2
42630,0
42631,2
42632,1
42633,1
42634,2
42635,0
42636,0
42637,2
42638,2
42639,1
42640,1
42641,1
42642,0
42643,2
42644,2
42645,0
42646,0
42647,2
42648,1
42649,2
42650,1
42651,2
42652,1
42653,1
42654,0
42655,2
42656,1
42657,2
42658,1
42659,2
42660,2
42661,2
42662,0
42663,0
42664,1
42665,0
42666,0
42667,2
42668,2
42669,0
42670,1
42671,2
42672,2
42673,1
42674,2
42675,0
42676,1
42677,1
42678,0
42679,1
42680,2
42681,2
42682,2
42683,1
42684,1
42685,1
42686,2
42687,1
42688,0
42689,2
42690,2
42691,2
42692,2
42693,0
42694,2
42695,2
42696,2
42697,2
42698,2
42699,0
42700,2
42701,2
42702,1
42703,2
42704,1
42705,1
42706,0
42707,0
42708,0
42709,1
42710,0
42711,2
42712,0
42713,0
42714,0
42715,1
42716,0
42717,1
42718,1
42719,0
42720,1
42721,2
42722,1
42723,0
42724,1
42725,1
42726,0
42727,2
42728,2
42729,2
42730,2
42731,0
42732,2
42733,2
42734,1
42735,0
42736,1
42737,1
42738,1
42739,0
42740,0
42741,1
42742,0
42743,0
42744,1
42745,2
42746,1
42747,0
42748,0
42749,2
42750,0
42751,0
42752,0
42753,2
42754,0
42755,2
42756,2
42757,1
42758,0
42759,0
42760,2
42761,2
42762,1
42763,2
42764,0
42765,2
42766,0
42767,2
42768,0
42769,2
42770,1
42771,2
42772,2
42773,2
42774,0
42775,1
42776,1
42777,0
42778,0
42779,2
42780,2
42781,2
42782,0
42783,0
42784,0
42785,0
42786,2
42787,2
42788,0
42789,2
42790,1
42791,0
42792,1
42793,2
42794,1
42795,0
42796,2
42797,0
42798,2
42799,1
42800,2
42801,2
42802,0
42803,1
42804,1
42805,2
42806,2
42807,0
42808,1
42809,0
42810,1
42811,1
42812,1
42813,0
42814,2
42815,1
42816,2
42817,0
42818,2
42819,0
42820,2
42821,2
42822,1
42823,2
42824,2
42825,1
42826,2
42827,2
42828,1
42829,2
42830,0
42831,2
42832,0
42833,0
42834,0
42835,0
42836,2
42837,0
42838,0
42839,2
42840,1
42841,0
42842,0
42843,0
42844,2
42845,1
42846,1
42847,2
42848,0
42849,1
42850,0
42851,0
42852,0
42853,0
42854,0
42855,2
42856,1
42857,2
42858,1
42859,1
42860,2
42861,1
42862,1
42863,0
42864,2
42865,2
42866,1
42867,1
42868,2
42869,1
42870,2
42871,0
42872,2
42873,2
42874,0
42875,1
42876,1
42877,0
42878,0
42879,1
42880,2
42881,0
42882,1
42883,1
42884,1
42885,0
42886,2
42887,1
42888,0
42889,1
42890,1
42891,1
42892,0
42893,0
42894,2
42895,2
42896,2
42897,0
42898,0
42899,1
42900,0
42901,2
42902,2
42903,1
42904,2
42905,0
42906,1
42907,0
42908,1
42909,1
42910,1
42911,2
42912,0
42913,0
42914,0
42915,0
42916,0
42917,0
42918,2
42919,0
42920,0
42921,0
42922,0
42923,2
42924,1
42925,0
42926,2
42927,1
42928,0
42929,2
42930,1
42931,1
42932,0
42933,2
42934,0
42935,1
42936,2
42937,0
42938,0
42939,1
42940,1
42941,2
42942,2
42943,0
42944,2
42945,0
42946,2
42947,0
42948,0
42949,2
42950,1
42951,0
42952,1
42953,2
42954,1
42955,2
42956,0
42957,1
42958,2
42959,0
42960,1
42961,1
42962,1
42963,2
42964,1
42965,0
42966,1
42967,1
42968,0
42969,0
42970,0
42971,1
42972,2
42973,1
42974,1
42975,2
42976,1
42977,0
42978,1
42979,2
42980,0
42981,1
42982,2
42983,2
42984,1
42985,0
42986,1
42987,1
42988,0
42989,1
42990,2
42991,0
42992,2
42993,1
42994,0
42995,1
42996,1
42997,1
42998,0
42999,2
43000,1
43001,0
43002,0
43003,1
43004,2
43005,2
43006,2
43007,1
43008,1
43009,1
43010,2
43011,2
43012,1
43013,0
43014,2
43015,2
43016,1
43017,2
43018,1
43019,2
43020,1
43021,0
43022,2
43023,0
43024,1
43025,2
43026,0
43027,0
43028,2
43029,2
43030,2
43031,2
43032,2
43033,2
43034,2
43035,1
43036,0
43037,0
43038,0
43039,1
43040,1
43041,2
43042,1
43043,0
43044,1
43045,0
43046,0
43047,2
43048,0
43049,0
43050,0
43051,2
43052,1
43053,2
43054,1
43055,2
43056,0
43057,2
43058,1
43059,0
43060,1
43061,2
43062,0
43063,0
43064,2
43065,0
43066,2
43067,0
43068,0
43069,0
43070,1
43071,2
43072,1
43073,1
43074,2
43075,2
43076,1
43077,0
43078,2
43079,2
43080,1
43081,2
43082,1
43083,0
43084,0
43085,0
43086,1
43087,1
43088,0
43089,0
43090,0
43091,2
43092,2
43093,1
43094,1
43095,1
43096,1
43097,1
43098,2
43099,2
43100,1
43101,2
43102,0
43103,2
43104,1
43105,2
43106,0
43107,1
43108,0
43109,2
43110,0
43111,0
43112,2
43113,2
43114,2
43115,2
43116,2
43117,1
43118,0
43119,0
43120,1
43121,2
43122,1
43123,2
43124,0
43125,2
43126,2
43127,0
43128,0
43129,1
43130,1
43131,2
43132,1
43133,2
43134,1
43135,0
43136,2
43137,2
43138,1
43139,1
43140,0
43141,1
43142,1
43143,0
43144,2
43145,1
43146,0
43147,2
43148,2
43149,1
43150,1
43151,2
43152,2
43153,2
43154,1
43155,1
43156,1
43157,2
43158,2
43159,1
43160,2
43161,2
43162,1
43163,2
43164,2
43165,1
43166,0
43167,1
43168,2
43169,2
43170,1
43171,2
43172,1
43173,2
43174,1
43175,1
43176,1
43177,0
43178,2
43179,0
43180,0
43181,2
43182,1
43183,1
43184,2
43185,1
43186,0
43187,0
43188,0
43189,2
43190,2
43191,0
43192,2
43193,2
43194,0
43195,1
43196,2
43197,2
43198,1
43199,1
43200,1
43201,1
43202,0
43203,2
43204,2
43205,2
43206,0
43207,0
43208,2
43209,0
43210,1
43211,0
43212,0
43213,0
43214,0
43215,2
43216,0
43217,2
43218,1
43219,2
43220,0
43221,0
43222,1
43223,1
43224,0
43225,2
43226,2
43227,2
43228,0
43229,2
43230,0
43231,2
43232,1
43233,2
43234,1
43235,1
43236,1
43237,2
43238,2
43239,1
43240,1
43241,1
43242,0
43243,0
43244,0
43245,1
43246,1
43247,0
43248,1
43249,1
43250,2
43251,0
43252,1
43253,2
43254,0
43255,2
43256,1
43257,0
43258,1
43259,1
43260,2
43261,0
43262,0
43263,0
43264,1
43265,2
43266,0
43267,2
43268,2
43269,0
43270,0
43271,2
43272,1
43273,2
43274,0
43275,2
43276,0
43277,0
43278,0
43279,2
43280,0
43281,1
43282,0
43283,1
43284,2
43285,0
43286,0
43287,2
43288,1
43289,2
43290,2
43291,0
43292,0
43293,2
43294,0
43295,0
43296,1
43297,2
43298,1
43299,0
43300,0
43301,2
43302,0
43303,1
43304,0
43305,0
43306,0
43307,0
43308,0
43309,1
43310,1
43311,0
43312,1
43313,1
43314,2
43315,0
43316,1
43317,0
43318,2
43319,1
43320,0
43321,1
43322,1
43323,0
43324,0
43325,0
43326,2
43327,0
43328,1
43329,2
43330,1
43331,2
43332,0
43333,0
43334,0
43335,2
43336,2
43337,2
43338,2
43339,1
43340,0
43341,2
43342,0
43343,2
43344,0
43345,2
43346,0
43347,1
43348,0
43349,0
43350,1
43351,1
43352,2
43353,2
43354,2
43355,1
43356,1
43357,1
43358,0
43359,2
43360,1
43361,2
43362,0
43363,0
43364,0
43365,2
43366,1
43367,2
43368,1
43369,2
43370,2
43371,2
43372,1
43373,1
43374,1
43375,1
43376,1
43377,2
43378,1
43379,1
43380,2
43381,2
43382,0
43383,0
43384,1
43385,0
43386,2
43387,2
43388,2
43389,0
43390,0
43391,0
43392,0
43393,2
43394,0
43395,1
43396,2
43397,2
43398,0
43399,2
43400,0
43401,2
43402,0
43403,2
43404,1
43405,1
43406,2
43407,0
43408,0
43409,0
43410,2
43411,0
43412,2
43413,0
43414,1
43415,1
43416,2
43417,0
43418,0
43419,0
43420,2
43421,2
43422,1
43423,2
43424,0
43425,1
43426,1
43427,2
43428,1
43429,0
43430,1
43431,2
43432,2
43433,2
43434,1
43435,1
43436,2
43437,0
43438,2
43439,2
43440,0
43441,2
43442,2
43443,0
43444,1
43445,0
43446,1
43447,2
43448,0
43449,0
43450,2
43451,2
43452,1
43453,0
43454,2
43455,2
43456,2
43457,0
43458,2
43459,0
43460,0
43461,0
43462,2
43463,2
43464,1
43465,1
43466,2
43467,0
43468,1
43469,0
43470,2
43471,2
43472,0
43473,0
43474,1
43475,2
43476,0
43477,0
43478,1
43479,2
43480,1
43481,1
43482,1
43483,2
43484,0
43485,2
43486,2
43487,0
43488,0
43489,0
43490,1
43491,2
43492,2
43493,2
43494,1
43495,0
43496,2
43497,1
43498,0
43499,1
43500,2
43501,2
43502,0
43503,2
43504,1
43505,2
43506,1
43507,2
43508,1
43509,2
43510,2
43511,2
43512,2
43513,2
43514,2
43515,2
43516,1
43517,1
43518,2
43519,2
43520,2
43521,2
43522,1
43523,1
43524,2
43525,0
43526,0
43527,0
43528,0
43529,2
43530,0
43531,0
43532,0
43533,2
43534,1
43535,1
43536,0
43537,1
43538,2
43539,1
43540,0
43541,1
43542,1
43543,0
43544,2
43545,1
43546,0
43547,0
43548,1
43549,2
43550,2
43551,1
43552,2
43553,1
43554,0
43555,1
43556,2
43557,1
43558,2
43559,1
43560,1
43561,0
43562,2
43563,2
43564,0
43565,1
43566,0
43567,0
43568,1
43569,2
43570,2
43571,2
43572,2
43573,1
43574,2
43575,0
43576,1
43577,2
43578,1
43579,1
43580,2
43581,2
43582,1
43583,2
43584,2
43585,1
43586,2
43587,2
43588,2
43589,2
43590,1
43591,1
43592,1
43593,2
43594,0
43595,0
43596,0
43597,0
43598,0
43599,0
43600,1
43601,0
43602,2
43603,2
43604,1
43605,0
43606,1
43607,0
43608,2
43609,2
43610,1
43611,0
43612,0
43613,2
43614,1
43615,1
43616,0
43617,2
43618,2
43619,0
43620,0
43621,0
43622,1
43623,2
43624,0
43625,2
43626,2
43627,0
43628,0
43629,0
43630,1
43631,1
43632,0
43633,0
43634,1
43635,0
43636,2
43637,0
43638,2
43639,2
43640,1
43641,2
43642,0
43643,2
43644,0
43645,1
43646,0
43647,1
43648,2
43649,0
43650,1
43651,1
43652,2
43653,2
43654,0
43655,2
43656,0
43657,1
43658,2
43659,0
43660,2
43661,2
43662,1
43663,1
43664,2
43665,1
43666,2
43667,1
43668,0
43669,2
43670,0
43671,0
43672,1
43673,2
43674,1
43675,2
43676,1
43677,0
43678,1
43679,1
43680,2
43681,2
43682,1
43683,1
43684,2
43685,0
43686,2
43687,1
43688,2
43689,1
43690,0
43691,1
43692,2
43693,1
43694,1
43695,1
43696,0
43697,2
43698,0
43699,2
43700,0
43701,1
43702,0
43703,1
43704,2
43705,1
43706,1
43707,0
43708,2
43709,2
43710,1
43711,2
43712,1
43713,2
43714,1
43715,2
43716,2
43717,1
43718,1
43719,2
43720,2
43721,0
43722,1
43723,1
43724,2
43725,0
43726,2
43727,0
43728,2
43729,2
43730,2
43731,1
43732,2
43733,2
43734,2
43735,1
43736,1
43737,2
43738,2
43739,1
43740,0
43741,0
43742,0
43743,1
43744,1
43745,0
43746,0
43747,2
43748,1
43749,2
43750,1
43751,2
43752,1
43753,2
43754,0
43755,0
43756,0
43757,1
43758,1
43759,1
43760,2
43761,2
43762,2
43763,1
43764,2
43765,0
43766,1
43767,0
43768,2
43769,1
43770,2
43771,2
43772,2
43773,0
43774,2
43775,2
43776,0
43777,1
43778,0
43779,0
43780,1
43781,1
43782,0
43783,2
43784,2
43785,2
43786,0
43787,2
43788,0
43789,1
43790,0
43791,0
43792,0
43793,2
43794,1
43795,0
43796,1
43797,1
43798,1
43799,0
43800,2
43801,2
43802,2
43803,1
43804,2
43805,0
43806,0
43807,0
43808,1
43809,1
43810,2
43811,2
43812,0
43813,2
43814,2
43815,2
43816,0
43817,2
43818,1
43819,2
43820,2
43821,0
43822,0
43823,1
43824,1
43825,0
43826,0
43827,1
43828,0
43829,1
43830,2
43831,0
43832,0
43833,1
43834,0
43835,1
43836,0
43837,0
43838,0
43839,2
43840,0
43841,1
43842,0
43843,1
43844,1
43845,1
43846,1
43847,2
43848,2
43849,1
43850,2
43851,0
43852,1
43853,2
43854,2
43855,2
43856,1
43857,1
43858,0
43859,1
43860,1
43861,2
43862,0
43863,1
43864,1
43865,1
43866,1
43867,1
43868,0
43869,2
43870,1
43871,1
43872,2
43873,1
43874,1
43875,1
43876,1
43877,1
43878,1
43879,1
43880,2
43881,1
43882,0
43883,1
43884,1
43885,2
43886,1
43887,0
43888,1
43889,0
43890,1
43891,2
43892,0
43893,2
43894,2
43895,2
43896,2
43897,1
43898,2
43899,1
43900,0
43901,0
43902,0
43903,2
43904,2
43905,2
43906,1
43907,2
43908,0
43909,2
43910,2
43911,2
43912,1
43913,2
43914,1
43915,2
43916,1
43917,0
43918,0
43919,0
43920,1
43921,0
43922,1
43923,0
43924,1
43925,0
43926,2
43927,1
43928,2
43929,2
43930,0
43931,2
43932,1
43933,1
43934,2
43935,2
43936,2
43937,2
43938,1
43939,1
43940,0
43941,2
43942,2
43943,1
43944,1
43945,2
43946,1
43947,0
43948,1
43949,0
43950,0
43951,0
43952,1
43953,1
43954,0
43955,0
43956,1
43957,0
43958,0
43959,2
43960,2
43961,0
43962,1
43963,0
43964,1
43965,1
43966,1
43967,2
43968,0
43969,2
43970,1
43971,1
43972,1
43973,2
43974,2
43975,0
43976,2
43977,0
43978,0
43979,0
43980,1
43981,0
43982,1
43983,1
43984,0
43985,2
43986,2
43987,2
43988,0
43989,2
43990,2
43991,2
43992,2
43993,0
43994,0
43995,0
43996,2
43997,0
43998,1
43999,0
44000,1
44001,1
44002,2
44003,1
44004,1
44005,2
44006,1
44007,2
44008,2
44009,0
44010,0
44011,2
44012,0
44013,0
44014,0
44015,1
44016,2
44017,2
44018,0
44019,2
44020,1
44021,2
44022,2
44023,1
44024,0
44025,1
44026,1
44027,2
44028,1
44029,2
44030,1
44031,1
44032,1
44033,0
44034,2
44035,2
44036,0
44037,2
44038,1
44039,0
44040,1
44041,1
44042,2
44043,0
44044,2
44045,0
44046,2
44047,1
44048,1
44049,1
44050,0
44051,1
44052,2
44053,0
44054,1
44055,2
44056,0
44057,2
44058,2
44059,2
44060,2
44061,1
44062,0
44063,2
44064,1
44065,2
44066,2
44067,1
44068,0
44069,2
44070,0
44071,2
44072,0
44073,2
44074,0
44075,1
44076,2
44077,2
44078,0
44079,0
44080,1
44081,2
44082,0
44083,2
44084,0
44085,2
44086,1
44087,2
44088,0
44089,1
44090,2
44091,2
44092,2
44093,2
44094,2
44095,0
44096,2
44097,1
44098,2
44099,2
44100,2
44101,0
44102,2
44103,2
44104,0
44105,2
44106,0
44107,1
44108,0
44109,1
44110,2
44111,1
44112,0
44113,1
44114,2
44115,1
44116,2
44117,0
44118,0
44119,2
44120,1
44121,2
44122,2
44123,0
44124,2
44125,0
44126,0
44127,0
44128,2
44129,2
44130,2
44131,0
44132,1
44133,2
44134,2
44135,0
44136,2
44137,2
44138,1
44139,0
44140,2
44141,0
44142,2
44143,1
44144,2
44145,1
44146,0
44147,1
44148,2
44149,0
44150,0
44151,0
44152,1
44153,1
44154,2
44155,0
44156,2
44157,2
44158,1
44159,2
44160,2
44161,1
44162,2
44163,0
44164,2
44165,0
44166,2
44167,2
44168,2
44169,0
44170,0
44171,0
44172,0
44173,0
44174,2
44175,0
44176,0
44177,1
44178,0
44179,0
44180,0
44181,1
44182,2
44183,1
44184,1
44185,2
44186,2
44187,0
44188,2
44189,0
44190,1
44191,0
44192,0
44193,1
44194,0
44195,1
44196,2
44197,1
44198,2
44199,1
44200,1
44201,0
44202,0
44203,0
44204,1
44205,0
44206,2
44207,1
44208,1
44209,1
44210,2
44211,1
44212,1
44213,1
44214,2
44215,1
44216,2
44217,2
44218,0
44219,1
44220,2
44221,1
44222,0
44223,0
44224,2
44225,1
44226,2
44227,0
44228,0
44229,2
44230,1
44231,1
44232,2
44233,2
44234,0
44235,0
44236,0
44237,1
44238,2
44239,0
44240,2
44241,1
44242,1
44243,2
44244,2
44245,2
44246,0
44247,2
44248,2
44249,0
44250,1
44251,0
44252,0
44253,1
44254,0
44255,0
44256,2
44257,1
44258,2
44259,1
44260,1
44261,1
44262,2
44263,2
44264,1
44265,2
44266,1
44267,0
44268,0
44269,0
44270,0
44271,0
44272,0
44273,2
44274,0
44275,2
44276,0
44277,1
44278,2
44279,0
44280,1
44281,1
44282,0
44283,1
44284,0
44285,2
44286,0
44287,1
44288,2
44289,0
44290,0
44291,0
44292,0
44293,0
44294,2
44295,2
44296,0
44297,1
44298,2
44299,1
44300,2
44301,2
44302,1
44303,2
44304,0
44305,1
44306,2
44307,0
44308,1
44309,1
44310,1
44311,1
44312,2
44313,1
44314,0
44315,1
44316,2
44317,2
44318,0
44319,1
44320,0
44321,1
44322,0
44323,2
44324,0
44325,1
44326,2
44327,1
44328,2
44329,2
44330,2
44331,2
44332,1
44333,0
44334,0
44335,2
44336,0
44337,0
44338,2
44339,0
44340,2
44341,2
44342,2
44343,1
44344,0
44345,0
44346,0
44347,1
44348,2
44349,1
44350,0
44351,2
44352,1
44353,2
44354,1
44355,0
44356,2
44357,2
44358,1
44359,1
44360,0
44361,2
44362,1
44363,2
44364,0
44365,0
44366,0
44367,2
44368,0
44369,2
44370,1
44371,0
44372,1
44373,1
44374,1
44375,0
44376,2
44377,1
44378,0
44379,2
44380,1
44381,2
44382,2
44383,1
44384,0
44385,2
44386,1
44387,0
44388,1
44389,0
44390,0
44391,1
44392,0
44393,0
44394,1
44395,2
44396,2
44397,2
44398,1
44399,1
44400,1
44401,2
44402,2
44403,1
44404,0
44405,0
44406,1
44407,0
44408,2
44409,1
44410,2
44411,2
44412,2
44413,1
44414,0
44415,1
44416,0
44417,2
44418,2
44419,2
44420,2
44421,2
44422,0
44423,0
44424,0
44425,0
44426,0
44427,1
44428,0
44429,0
44430,2
44431,0
44432,1
44433,1
44434,1
44435,0
44436,2
44437,1
44438,1
44439,0
44440,1
44441,2
44442,2
44443,1
44444,1
44445,0
44446,2
44447,1
44448,0
44449,1
44450,1
44451,2
44452,0
44453,0
44454,2
44455,2
44456,1
44457,2
44458,0
44459,2
44460,1
44461,1
44462,2
44463,0
44464,0
44465,0
44466,1
44467,0
44468,2
44469,2
44470,2
44471,0
44472,0
44473,2
44474,2
44475,1
44476,0
44477,2
44478,0
44479,0
44480,2
44481,0
44482,2
44483,2
44484,0
44485,0
44486,2
44487,2
44488,0
44489,2
44490,1
44491,2
44492,0
44493,2
44494,0
44495,2
44496,0
44497,0
44498,0
44499,1
44500,0
44501,2
44502,2
44503,2
44504,2
44505,2
44506,0
44507,1
44508,2
44509,0
44510,0
44511,0
44512,2
44513,0
44514,2
44515,0
44516,0
44517,1
44518,1
44519,2
44520,1
44521,2
44522,0
44523,1
44524,1
44525,1
44526,2
44527,2
44528,0
44529,2
44530,2
44531,0
44532,2
44533,2
44534,0
44535,2
44536,1
44537,2
44538,1
44539,0
44540,2
44541,1
44542,2
44543,2
44544,0
44545,0
44546,2
44547,2
44548,2
44549,1
44550,0
44551,1
44552,2
44553,0
44554,1
44555,0
44556,2
44557,1
44558,2
44559,1
44560,2
44561,1
44562,2
44563,0
44564,1
44565,1
44566,0
44567,1
44568,2
44569,1
44570,0
44571,0
44572,0
44573,1
44574,1
44575,1
44576,0
44577,1
44578,2
44579,2
44580,2
44581,1
44582,0
44583,1
44584,1
44585,0
44586,1
44587,0
44588,2
44589,0
44590,0
44591,1
44592,1
44593,0
44594,1
44595,1
44596,1
44597,2
44598,2
44599,2
44600,1
44601,2
44602,1
44603,0
44604,0
44605,1
44606,0
44607,2
44608,2
44609,1
44610,0
44611,0
44612,1
44613,0
44614,2
44615,1
44616,0
44617,2
44618,2
44619,0
44620,1
44621,0
44622,1
44623,0
44624,0
44625,1
44626,0
44627,1
44628,0
44629,2
44630,1
44631,2
44632,0
44633,2
44634,1
44635,1
44636,0
44637,0
44638,2
44639,0
44640,2
44641,2
44642,0
44643,0
44644,1
44645,2
44646,1
44647,0
44648,1
44649,2
44650,2
44651,0
44652,0
44653,2
44654,0
44655,1
44656,0
44657,2
44658,2
44659,0
44660,2
44661,1
44662,0
44663,2
44664,0
44665,2
44666,0
44667,2
44668,1
44669,2
44670,2
44671,1
44672,2
44673,0
44674,2
44675,0
44676,1
44677,1
44678,1
44679,2
44680,0
44681,1
44682,1
44683,1
44684,0
44685,2
44686,1
44687,0
44688,0
44689,0
44690,2
44691,1
44692,1
44693,1
44694,2
44695,0
44696,2
44697,0
44698,2
44699,0
44700,1
44701,0
44702,1
44703,2
44704,2
44705,0
44706,2
44707,2
44708,0
44709,0
44710,2
44711,1
44712,2
44713,0
44714,2
44715,1
44716,0
44717,1
44718,2
44719,2
44720,2
44721,1
44722,1
44723,0
44724,2
44725,1
44726,1
44727,0
44728,2
44729,2
44730,2
44731,1
44732,1
44733,0
44734,1
44735,0
44736,1
44737,0
44738,1
44739,1
44740,2
44741,2
44742,0
44743,0
44744,0
44745,2
44746,1
44747,2
44748,1
44749,1
44750,2
44751,1
44752,1
44753,1
44754,1
44755,0
44756,1
44757,2
44758,2
44759,1
44760,0
44761,1
44762,2
44763,1
44764,1
44765,2
44766,0
44767,0
44768,0
44769,0
44770,0
44771,1
44772,2
44773,0
44774,2
44775,2
44776,1
44777,0
44778,2
44779,2
44780,2
44781,1
44782,2
44783,1
44784,1
44785,2
44786,1
44787,0
44788,0
44789,0
44790,1
44791,1
44792,1
44793,2
44794,2
44795,1
44796,0
44797,1
44798,1
44799,0
44800,1
44801,0
44802,1
44803,1
44804,0
44805,1
44806,1
44807,1
44808,2
44809,0
44810,1
44811,0
44812,0
44813,2
44814,0
44815,0
44816,2
44817,0
44818,2
44819,2
44820,0
44821,1
44822,0
44823,2
44824,0
44825,1
44826,1
44827,2
44828,0
44829,2
44830,1
44831,0
44832,0
44833,0
44834,2
44835,1
44836,0
44837,2
44838,1
44839,0
44840,0
44841,2
44842,2
44843,1
44844,2
44845,0
44846,2
44847,2
44848,1
44849,2
44850,0
44851,0
44852,1
44853,0
44854,2
44855,2
44856,0
44857,0
44858,1
44859,0
44860,1
44861,1
44862,2
44863,2
44864,2
44865,1
44866,2
44867,1
44868,2
44869,2
44870,0
44871,2
44872,1
44873,0
44874,0
44875,2
44876,0
44877,1
44878,0
44879,0
44880,0
44881,1
44882,1
44883,0
44884,0
44885,0
44886,0
44887,1
44888,1
44889,0
44890,1
44891,2
44892,2
44893,0
44894,2
44895,1
44896,0
44897,0
44898,2
44899,1
44900,2
44901,2
44902,0
44903,0
44904,0
44905,1
44906,0
44907,0
44908,1
44909,0
44910,1
44911,2
44912,2
44913,2
44914,1
44915,0
44916,2
44917,1
44918,1
44919,1
44920,2
44921,1
44922,1
44923,2
44924,1
44925,2
44926,2
44927,2
44928,1
44929,0
44930,2
44931,1
44932,1
44933,2
44934,0
44935,0
44936,0
44937,0
44938,2
44939,1
44940,2
44941,1
44942,2
44943,2
44944,2
44945,0
44946,1
44947,0
44948,2
44949,1
44950,0
44951,2
44952,0
44953,2
44954,0
44955,0
44956,1
44957,1
44958,1
44959,2
44960,0
44961,1
44962,2
44963,0
44964,2
44965,0
44966,2
44967,0
44968,0
44969,2
44970,2
44971,1
44972,2
44973,2
44974,1
44975,0
44976,2
44977,1
44978,0
44979,2
44980,0
44981,1
44982,0
44983,0
44984,2
44985,0
44986,2
44987,2
44988,1
44989,2
44990,0
44991,2
44992,0
44993,0
44994,2
44995,2
44996,2
44997,0
44998,1
44999,0
45000,0
45001,2
45002,0
45003,1
45004,1
45005,1
45006,2
45007,0
45008,2
45009,2
45010,2
45011,2
45012,2
45013,1
45014,1
45015,1
45016,0
45017,0
45018,2
45019,0
45020,0
45021,1
45022,1
45023,0
45024,0
45025,1
45026,1
45027,2
45028,2
45029,1
45030,2
45031,2
45032,1
45033,2
45034,0
45035,2
45036,1
45037,0
45038,2
45039,2
45040,1
45041,0
45042,1
45043,2
45044,2
45045,2
45046,0
45047,0
45048,0
45049,2
45050,2
45051,1
45052,1
45053,1
45054,0
45055,1
45056,0
45057,1
45058,1
45059,0
45060,0
45061,0
45062,1
45063,1
45064,1
45065,1
45066,1
45067,1
45068,0
45069,2
45070,1
45071,0
45072,1
45073,2
45074,0
45075,2
45076,0
45077,2
45078,2
45079,0
45080,2
45081,1
45082,2
45083,0
45084,0
45085,1
45086,2
45087,0
45088,2
45089,1
45090,1
45091,0
45092,1
45093,1
45094,2
45095,1
45096,0
45097,2
45098,1
45099,2
45100,0
45101,1
45102,1
45103,0
45104,1
45105,0
45106,1
45107,1
45108,0
45109,0
45110,1
45111,1
45112,2
45113,1
45114,1
45115,2
45116,0
45117,1
45118,2
45119,2
45120,1
45121,2
45122,0
45123,1
45124,2
45125,2
45126,0
45127,0
45128,1
45129,0
45130,0
45131,2
45132,0
45133,1
45134,0
45135,1
45136,0
45137,2
45138,0
45139,1
45140,0
45141,0
45142,1
45143,1
45144,0
45145,2
45146,0
45147,1
45148,1
45149,2
45150,1
45151,2
45152,1
45153,2
45154,2
45155,1
45156,1
45157,0
45158,0
45159,1
45160,0
45161,0
45162,1
45163,2
45164,2
45165,0
45166,1
45167,0
45168,2
45169,2
45170,0
45171,1
45172,0
45173,1
45174,2
45175,1
45176,2
45177,0
45178,0
45179,1
45180,1
45181,0
45182,0
45183,1
45184,1
45185,0
45186,2
45187,2
45188,1
45189,0
45190,1
45191,2
45192,0
45193,0
45194,0
45195,0
45196,2
45197,1
45198,0
45199,1
45200,1
45201,2
45202,2
45203,0
45204,2
45205,0
45206,2
45207,2
45208,2
45209,2
45210,1
45211,0
45212,0
45213,0
45214,0
45215,0
45216,0
45217,2
45218,2
45219,1
45220,0
45221,1
45222,2
45223,0
45224,1
45225,1
45226,1
45227,1
45228,0
45229,0
45230,0
45231,0
45232,1
45233,0
45234,0
45235,0
45236,2
45237,2
45238,2
45239,0
45240,1
45241,0
45242,2
45243,2
45244,1
45245,2
45246,0
45247,0
45248,1
45249,2
45250,1
45251,2
45252,2
45253,2
45254,1
45255,0
45256,1
45257,0
45258,0
45259,1
45260,2
45261,0
45262,1
45263,1
45264,0
45265,1
45266,0
45267,0
45268,0
45269,0
45270,1
45271,0
45272,2
45273,2
45274,0
45275,1
45276,2
45277,1
45278,1
45279,0
45280,1
45281,2
45282,1
45283,2
45284,0
45285,2
45286,2
45287,2
45288,1
45289,2
45290,1
45291,0
45292,2
45293,2
45294,1
45295,2
45296,1
45297,0
45298,1
45299,1
45300,0
45301,2
45302,1
45303,1
45304,0
45305,2
45306,2
45307,1
45308,0
45309,2
45310,1
45311,0
